{"cameraMode":{"drawMode":0,"name":"Shaded","section":"Shading Mode"},"sceneLighting":true,"audioPlay":false,"sceneViewState":{"showFog":true,"showMaterialUpdate":false,"showSkybox":true,"showFlares":true,"showImageEffects":true,"showParticleSystems":true},"in2DMode":false,"pivot":{"x":-0.29177460074424746,"y":13.946878433227539,"z":-8.144795417785645},"rotation":{"x":0.46073389053344729,"y":-0.0007738781860098243,"z":0.0004026999231427908,"w":0.8875378966331482},"size":7.804656982421875,"orthographic":false}