{"cameraMode":{"drawMode":0,"name":"Shaded","section":"Shading Mode"},"sceneLighting":false,"audioPlay":false,"sceneViewState":{"showFog":true,"showMaterialUpdate":false,"showSkybox":true,"showFlares":true,"showImageEffects":true,"showParticleSystems":true},"in2DMode":false,"pivot":{"x":0.0,"y":-0.15617263317108155,"z":0.13721460103988648},"rotation":{"x":0.5187702775001526,"y":-0.3079164922237396,"z":0.20742866396903993,"w":0.7700896859169006},"size":7.804656982421875,"orthographic":false}