{"cameraMode":{"drawMode":0,"name":"Shaded","section":"Shading Mode"},"sceneLighting":false,"audioPlay":false,"sceneViewState":{"showFog":true,"showMaterialUpdate":false,"showSkybox":true,"showFlares":true,"showImageEffects":true,"showParticleSystems":true},"in2DMode":false,"pivot":{"x":0.09558826684951782,"y":-10.693617820739746,"z":-7.667614936828613},"rotation":{"x":-0.006936895661056042,"y":-0.8995431661605835,"z":0.43654289841651919,"w":-0.014294872991740704},"size":22.0,"orthographic":false}